Index,위도값,경도값,RSE_ID,ExitingCount,EnteringCount,Address,Date
91,36.29766,127.59916,462004812,6097,6075,대한민국 충청북도 옥천군 옥천읍 매화리 291-9,2024-04-29
36,36.39055,127.42292,162005018,59054,59484,대한민국 대전광역시 대덕구 연축동 278,2024-04-26
47,37.23222,127.10694,162006144,50386,52212,대한민국 경기도 용인시 기흥구 공세동 656-16,2024-04-29
18,36.46767,127.42078,162005108,81461,81774,대한민국 충청북도 청주시 서원구 현도면 매봉리 344-1,2024-04-30
41,36.3585,127.45505,162004969,64013,63576,대한민국 대전광역시 대덕구 비래동 23-3번지,2024-04-28
12,36.942,127.1897,162005789,106030,105978,대한민국 충청남도 천안시 서북구 입장면 가산리 362-15,2024-04-25
1,37.09439,127.12184,162005969,148892,149511,대한민국 경기도 용인시 처인구 남사읍 진목리 949-383,2024-04-24
48,35.49417,129.09639,262002573,40414,40874,대한민국 경상남도 양산시 하북면 순지리 16-2,2024-04-26
87,36.31666,127.5576,462004853,9182,9946,대한민국 충청북도 옥천군 옥천읍 옥각리 산63-2,2024-04-28
52,37.405833,127.094167,162006338,40532,47518,대한민국 경기도 성남시 분당구 삼평동 418-1,2024-04-24
17,36.46767,127.42078,162005108,98017,98613,대한민국 충청북도 청주시 서원구 현도면 매봉리 344-1,2024-04-28
20,35.91571,128.65202,262003528,76559,76550,대한민국 대구광역시 동구 도동 231,2024-04-25
7,36.88167,127.18917,162005723,119504,119052,대한민국 충청남도 천안시 서북구 성거읍 정촌리 232-38,2024-04-25
73,35.724461,129.194676,362002843,23899,23958,대한민국 경상북도 경주시 내남면 월산리 1097-3,2024-04-25
37,36.07013,128.37529,262003923,65921,65650,대한민국 경상북도 구미시 오태동 228-2,2024-04-29
68,36.29508,127.6018,262004808,24373,24356,대한민국 충청북도 옥천군 옥천읍 구일리 817-11,2024-04-26
20,35.91542,128.61307,262003565,91290,93166,대한민국 대구광역시 북구 검단동 1393-216,2024-04-28
72,35.576942,129.133043,362002668,25078,24676,대한민국 울산광역시 울주군 언양읍 직동리 945-20,2024-04-27
35,36.42571,127.41682,162005060,62123,63393,대한민국 대전광역시 대덕구 상서동 359-19,2024-04-30
21,36.72039,127.33097,162005435,75550,75573,대한민국 충청북도 청주시 흥덕구 옥산면 사정리 산22-1,2024-04-25
43,36.34686,127.4713,162004949,55375,59028,대한민국 대전광역시 동구 비룡동 416-1,2024-04-29
63,35.25667,129.10056,462002266,34677,34293,대한민국 부산광역시 금정구 구서동 34,2024-04-28
86,37.07361,127.13444,162005949,12447,12416,대한민국 경기도 안성시 원곡면 산하리 319-1,2024-04-23
16,37.12663,127.09778,162006045,89659,86101,대한민국 경기도 평택시 진위면 동천리 596-3,2024-04-25
89,36.29766,127.59916,462004812,7875,7873,대한민국 충청북도 옥천군 옥천읍 매화리 291-9,2024-04-25
17,36.51436,127.42951,162005164,82745,83135,대한민국 충청북도 청주시 서원구 현도면 우록리 773-22,2024-04-25
95,36.71603,127.34914,162005422,245,251,대한민국 충청북도 청주시 흥덕구 옥산면 장남리 287,2024-04-26
62,35.25667,129.10056,462002266,37667,35118,대한민국 부산광역시 금정구 구서동 34,2024-04-29
40,36.61108,127.40018,162005284,55386,52658,대한민국 충청북도 청주시 흥덕구 신전동 157-3,2024-04-26
52,37.405833,127.094167,162006338,40615,46228,대한민국 경기도 성남시 분당구 삼평동 418-1,2024-04-27
24,35.95647,128.45522,262003756,74432,75613,대한민국 경상북도 칠곡군 지천면 연화리 772-11,2024-04-24
75,35.87981,128.83829,262003338,23002,22956,대한민국 경상북도 경산시 진량읍 문천리 산26-2,2024-04-26
40,36.07013,128.37529,262003923,59827,60548,대한민국 경상북도 구미시 오태동 228-2,2024-04-27
12,36.942,127.1897,162005789,103577,103578,대한민국 충청남도 천안시 서북구 입장면 가산리 362-15,2024-04-26
67,35.32861,129.05694,262002365,29120,29347,대한민국 경상남도 양산시 동면 내송리 산76-1,2024-04-23
50,35.87467,128.73658,262003435,40110,40526,대한민국 대구광역시 동구 괴전동 산24-2,2024-04-26
2,37.12583,127.09694,162006016,147460,145787,대한민국 경기도 평택시 진위면 동천리 602-2,2024-04-29
66,35.793205,129.193445,362002920,29989,29117,대한민국 경상북도 경주시 내남면 망성리 15-10,2024-04-23
5,36.88167,127.18917,162005723,135222,134815,대한민국 충청남도 천안시 서북구 성거읍 정촌리 232-38,2024-04-29
78,35.87981,128.83829,262003338,23234,23293,대한민국 경상북도 경산시 진량읍 문천리 산26-2,2024-04-23
67,36.29508,127.6018,262004808,25728,25657,대한민국 충청북도 옥천군 옥천읍 구일리 817-11,2024-04-27
27,37.01353,127.14477,462005881,74979,71314,대한민국 경기도 안성시 원곡면 경부고속도로 365,2024-04-29
30,36.58449,127.42647,162005243,64206,52950,대한민국 충청북도 청주시 서원구 남이면 석실리 365-12,2024-04-23
58,35.613003,129.145706,362002711,40987,40987,대한민국 울산광역시 울주군 두서면 구량리 282-1,2024-04-29
33,36.37486,127.43024,162005000,62432,61216,대한민국 대전광역시 대덕구 법동 산14-3,2024-04-23
31,36.68178,127.36983,162005373,63110,63612,대한민국 충청북도 청주시 흥덕구 옥산면 국사리 203,2024-04-23
39,36.07013,128.37529,262003923,54776,56593,대한민국 경상북도 구미시 오태동 228-2,2024-04-23
77,36.15056,128.03339,262004318,23390,23417,대한민국 경상북도 김천시 봉산면 태화리 155-4,2024-04-23
11,36.97148,127.16928,162005828,110191,114851,대한민국 경기도 안성시 공도읍 건천리 189-4,2024-04-26
6,36.84408,127.17605,162005679,141674,140974,대한민국 충청남도 천안시 서북구 성거읍 요방리 219-7,2024-04-28
52,35.856642,129.079858,362003058,43690,43946,대한민국 경상북도 경주시 건천읍 신평리 1136-10,2024-04-29
12,36.942,127.1897,162005789,110660,110713,대한민국 충청남도 천안시 서북구 입장면 가산리 362-15,2024-04-27
21,36.55249,127.43174,162005208,88930,102379,대한민국 충청북도 청주시 서원구 남이면 외천리 187-6,2024-04-28
66,35.814039,129.169968,362002953,27312,27575,대한민국 경상북도 경주시 율동 947-5,2024-04-27
44,35.49417,129.09639,262002573,55295,56058,대한민국 경상남도 양산시 하북면 순지리 16-2,2024-04-29
42,36.3585,127.45505,162004969,51682,51453,대한민국 대전광역시 대덕구 비래동 23-3번지,2024-04-25
73,35.576942,129.133043,362002668,23196,23001,대한민국 울산광역시 울주군 언양읍 직동리 945-20,2024-04-26
45,35.27917,129.11472,262002290,47466,45149,대한민국 부산광역시 금정구 선동 560,2024-04-27
20,35.91542,128.61307,262003565,75197,76243,대한민국 대구광역시 북구 검단동 1393-216,2024-04-30
52,35.87467,128.73658,262003435,44727,45593,대한민국 대구광역시 동구 괴전동 산24-2,2024-04-28
82,36.13882,128.06343,262004287,21006,21006,대한민국 경상북도 김천시 봉산면 신리 325-4,2024-04-30
92,36.73039,127.26357,162005500,3574,3555,대한민국 충청남도 천안시 동남구 수신면 신풍리 462-2,2024-04-30
38,36.39055,127.42292,162005018,73327,73513,대한민국 대전광역시 대덕구 연축동 278,2024-04-28
62,35.829574,129.119259,362003007,28046,28012,대한민국 경상북도 경주시 건천읍 모량리 382-1,2024-04-25
95,36.71603,127.34914,162005422,285,286,대한민국 충청북도 청주시 흥덕구 옥산면 장남리 287,2024-04-27
19,36.46767,127.42078,162005108,79403,79891,대한민국 충청북도 청주시 서원구 현도면 매봉리 344-1,2024-04-25
18,35.91542,128.61307,262003565,80236,81950,대한민국 대구광역시 북구 검단동 1393-216,2024-04-25
84,36.28039,127.67961,262004734,18586,18596,대한민국 충청북도 옥천군 동이면 조령리 산40-2,2024-04-23
47,35.877,128.76547,262003406,42351,42379,대한민국 경상북도 경산시 하양읍 청천리 412-3,2024-04-25
33,36.04974,128.40865,262003880,66987,67756,대한민국 경상북도 칠곡군 석적읍 포남리 597-8,2024-04-27
54,35.829574,129.119259,362003007,35575,35211,대한민국 경상북도 경주시 건천읍 모량리 382-1,2024-04-23
48,35.877,128.76547,262003406,39912,40088,대한민국 경상북도 경산시 하양읍 청천리 412-3,2024-04-30
31,36.64024,127.37826,162005324,77625,77808,대한민국 충청북도 청주시 흥덕구 강내면 학천리 511-4,2024-04-28
13,37.37306,127.10556,462006299,105558,108136,대한민국 경기도 성남시 분당구 성남대로407번길 26,2024-04-24
10,37.15923,127.08844,162006058,125513,128554,대한민국 경기도 오산시 부산동 157-3,2024-04-29
74,35.793205,129.193445,362002920,23061,23148,대한민국 경상북도 경주시 내남면 망성리 15-10,2024-04-26
62,36.15981,128.22747,262004121,26496,26538,대한민국 경상북도 김천시 아포읍 봉산리 1229-11,2024-04-30
11,37.05325,127.13641,162005925,110828,107952,대한민국 경기도 안성시 원곡면 지문리 산133-4,2024-04-27
36,36.73389,127.28353,162005480,63203,63033,대한민국 충청남도 천안시 동남구 수신면 속창리 143-11,2024-04-27
10,36.97148,127.16928,162005828,119748,126018,대한민국 경기도 안성시 공도읍 건천리 189-4,2024-04-23
0,37.16678,127.09193,162006064,164434,166669,대한민국 경기도 화성시 송동 425-9,2024-04-25
3,36.88167,127.18917,162005723,144154,143038,대한민국 충청남도 천안시 서북구 성거읍 정촌리 232-38,2024-04-28
78,36.27095,127.831,262004582,22824,22807,대한민국 충청북도 영동군 용산면 구촌리 13-1,2024-04-24
32,36.04974,128.40865,262003880,76221,77209,대한민국 경상북도 칠곡군 석적읍 포남리 597-8,2024-04-28
85,36.94295,127.19273,162005791,14396,14466,대한민국 충청남도 천안시 서북구 입장면 연곡길 407,2024-04-24
76,35.87981,128.83829,262003338,22339,22600,대한민국 경상북도 경산시 진량읍 문천리 산26-2,2024-04-30
59,36.48658,127.42949,162005134,30818,30802,대한민국 충청북도 청주시 서원구 현도면 선동리 284-13,2024-04-24
21,35.95647,128.45522,262003756,72533,73896,대한민국 경상북도 칠곡군 지천면 연화리 772-11,2024-04-26
65,35.28722,129.10333,262002305,30519,34223,대한민국 부산광역시 금정구 노포동 1112-8,2024-04-23
43,37.23222,127.10694,162006144,46550,48102,대한민국 경기도 용인시 기흥구 공세동 656-16,2024-04-26
41,36.3585,127.45505,162004969,53935,53376,대한민국 대전광역시 대덕구 비래동 23-3번지,2024-04-24
62,35.829574,129.119259,362003007,27635,27555,대한민국 경상북도 경주시 건천읍 모량리 382-1,2024-04-26
81,36.22234,127.90606,262004479,22473,22347,대한민국 충청북도 영동군 황간면 마산리 269-2,2024-04-23
83,36.28039,127.67961,262004734,19991,19999,대한민국 충청북도 옥천군 동이면 조령리 산40-2,2024-04-27
20,35.91571,128.65202,262003528,79096,79160,대한민국 대구광역시 동구 도동 231,2024-04-27
69,36.15981,128.22747,262004121,30511,31123,대한민국 경상북도 김천시 아포읍 봉산리 1229-11,2024-04-29
58,35.25667,129.10056,462002266,31442,30750,대한민국 부산광역시 금정구 구서동 34,2024-04-25
84,36.94295,127.19273,162005791,19494,19479,대한민국 충청남도 천안시 서북구 입장면 연곡길 407,2024-04-29
28,36.70424,127.34704,162005405,68397,68920,대한민국 충청북도 청주시 흥덕구 옥산면 장남리 363-17,2024-04-25
76,36.27954,127.69244,262004721,23979,23987,대한민국 충청북도 옥천군 동이면 조령리 산26-3,2024-04-23
67,35.918066,129.006783,362003161,32142,32289,대한민국 경상북도 영천시 북안면 임포리 385-5,2024-04-28
2,37.27944,127.10353,162006192,130774,125323,대한민국 경기도 용인시 기흥구 신갈동 384-10,2024-04-26
72,36.29508,127.6018,262004808,25866,25614,대한민국 충청북도 옥천군 옥천읍 구일리 817-11,2024-04-23
52,37.405833,127.094167,162006338,40859,47517,대한민국 경기도 성남시 분당구 삼평동 418-1,2024-04-25
9,36.97148,127.16928,162005828,117173,123703,대한민국 경기도 안성시 공도읍 건천리 189-4,2024-04-27
92,36.73039,127.26357,162005500,7269,7264,대한민국 충청남도 천안시 동남구 수신면 신풍리 462-2,2024-04-28
63,35.724461,129.194676,362002843,31417,31399,대한민국 경상북도 경주시 내남면 월산리 1097-3,2024-04-23
23,35.90452,128.56087,262003614,82128,76569,대한민국 대구광역시 북구 노곡로3길 23-3,2024-04-29
82,36.21047,127.94939,262004437,22568,22565,대한민국 충청북도 영동군 추풍령면 계룡리 241-1,2024-04-29
26,36.74568,127.22726,162005536,69391,69579,대한민국 충청남도 천안시 동남구 성남면 신사리 산88-15,2024-04-26
22,35.91571,128.65202,262003528,75326,75213,대한민국 대구광역시 동구 도동 231,2024-04-24
14,37.31222,127.10583,162006230,94469,87780,대한민국 경기도 용인시 기흥구 보정동 1105-2,2024-04-30
49,37.23222,127.10694,162006144,38901,40407,대한민국 경기도 용인시 기흥구 공세동 656-16,2024-04-23
89,37.33278,127.10361,462006250,7182,7140,대한민국 경기도 용인시 수지구 죽전동 866-14,2024-04-26
26,36.58449,127.42647,162005243,75643,61576,대한민국 충청북도 청주시 서원구 남이면 석실리 365-12,2024-04-29
28,36.04974,128.40865,262003880,74259,74880,대한민국 경상북도 칠곡군 석적읍 포남리 597-8,2024-04-29
35,36.42571,127.41682,162005060,61120,62376,대한민국 대전광역시 대덕구 상서동 359-19,2024-04-25
72,36.281111,127.755556,462004623,25065,25042,대한민국 충청북도 옥천군 청성면 조천리 253,2024-04-24
73,35.576942,129.133043,362002668,23574,23172,대한민국 울산광역시 울주군 언양읍 직동리 945-20,2024-04-30
7,37.2571,127.10411,162006167,121748,123823,대한민국 경기도 용인시 기흥구 보라동 380-8,2024-04-23
4,37.2571,127.10411,162006167,123727,125213,대한민국 경기도 용인시 기흥구 보라동 380-8,2024-04-25
83,36.13882,128.06343,262004287,21113,20972,대한민국 경상북도 김천시 봉산면 신리 325-4,2024-04-25
23,35.91571,128.65202,262003528,69380,68770,대한민국 대구광역시 동구 도동 231,2024-04-23
94,36.65787,127.36991,162005342,3324,3344,대한민국 충청북도 청주시 흥덕구 옥산면 경부고속도로 309,2024-04-26
5,36.88167,127.18917,162005723,124441,124260,대한민국 충청남도 천안시 서북구 성거읍 정촌리 232-38,2024-04-24
91,36.85541,127.18106,162005692,6550,6561,대한민국 충청남도 천안시 서북구 성거읍 요방리 117-3,2024-04-30
42,36.3585,127.45505,162004969,53198,52689,대한민국 대전광역시 대덕구 비래동 23-3번지,2024-04-27
67,35.918066,129.006783,362003161,25619,25831,대한민국 경상북도 영천시 북안면 임포리 385-5,2024-04-25
1,37.09439,127.12184,162005969,145789,146866,대한민국 경기도 용인시 처인구 남사읍 진목리 949-383,2024-04-25
26,36.70424,127.34704,162005405,70909,71756,대한민국 충청북도 청주시 흥덕구 옥산면 장남리 363-17,2024-04-30
2,37.12583,127.09694,162006016,136684,137355,대한민국 경기도 평택시 진위면 동천리 602-2,2024-04-23
23,35.90452,128.56087,262003614,73471,69611,대한민국 대구광역시 북구 노곡로3길 23-3,2024-04-25
93,36.73039,127.26357,162005500,5315,5296,대한민국 충청남도 천안시 동남구 수신면 신풍리 462-2,2024-04-26
35,36.74568,127.22726,162005536,69259,69367,대한민국 충청남도 천안시 동남구 성남면 신사리 산88-15,2024-04-29
29,36.72039,127.33097,162005435,73716,73199,대한민국 충청북도 청주시 흥덕구 옥산면 사정리 산22-1,2024-04-29
42,35.90045,128.67529,262003501,49935,50389,대한민국 대구광역시 동구 둔산동 594-2,2024-04-30
63,36.48658,127.42949,162005134,26276,26248,대한민국 충청북도 청주시 서원구 현도면 선동리 284-13,2024-04-30
19,36.72039,127.33097,162005435,77970,78006,대한민국 충청북도 청주시 흥덕구 옥산면 사정리 산22-1,2024-04-30
25,35.90452,128.56087,262003614,76266,71720,대한민국 대구광역시 북구 노곡로3길 23-3,2024-04-27
40,36.61108,127.40018,162005284,60712,57460,대한민국 충청북도 청주시 흥덕구 신전동 157-3,2024-04-29
79,36.19304,128.00252,262004374,23117,23077,대한민국 경상북도 김천시 봉산면 광천리 798,2024-04-23
42,35.90045,128.67529,262003501,59693,61743,대한민국 대구광역시 동구 둔산동 594-2,2024-04-28
48,35.877,128.76547,262003406,43420,43278,대한민국 경상북도 경산시 하양읍 청천리 412-3,2024-04-27
5,37.27944,127.10353,162006192,142730,135305,대한민국 경기도 용인시 기흥구 신갈동 384-10,2024-04-28
5,37.2571,127.10411,162006167,127092,128684,대한민국 경기도 용인시 기흥구 보라동 380-8,2024-04-30
37,36.39055,127.42292,162005018,62628,63942,대한민국 대전광역시 대덕구 연축동 278,2024-04-24
26,35.97664,128.43275,262003788,71606,70793,대한민국 경상북도 칠곡군 왜관읍 삼청리 21-29번지,2024-04-25
55,36.48658,127.42949,162005134,35325,35330,대한민국 충청북도 청주시 서원구 현도면 선동리 284-13,2024-04-23
53,36.1362,128.31906,262004031,37388,38095,대한민국 경상북도 구미시 도량동 449,2024-04-30
67,35.918066,129.006783,362003161,24411,24827,대한민국 경상북도 영천시 북안면 임포리 385-5,2024-04-26
53,37.23222,127.10694,162006144,40997,42362,대한민국 경기도 용인시 기흥구 공세동 656-16,2024-04-28
56,35.32861,129.05694,262002365,32989,32956,대한민국 경상남도 양산시 동면 내송리 산76-1,2024-04-26
8,37.34333,127.10556,162006266,115392,113802,대한민국 경기도 성남시 분당구 구미동 173-2,2024-04-26
49,35.87467,128.73658,262003435,39061,39144,대한민국 대구광역시 동구 괴전동 산24-2,2024-04-30
60,,,462015611,32496,32625,,2024-04-23
74,36.27247,127.73767,262004680,29977,29956,대한민국 충청북도 영동군 용산면 부상리 408-1,2024-04-28
58,35.54778,129.12444,262002639,28700,28940,대한민국 울산광역시 울주군 삼남읍 신화리 산39-3,2024-04-26
6,36.88167,127.18917,162005723,116071,115465,대한민국 충청남도 천안시 서북구 성거읍 정촌리 232-38,2024-04-26
39,36.07013,128.37529,262003923,57964,58678,대한민국 경상북도 구미시 오태동 228-2,2024-04-25
52,36.1362,128.31906,262004031,38586,38679,대한민국 경상북도 구미시 도량동 449,2024-04-26
54,37.405833,127.094167,162006338,40479,47517,대한민국 경기도 성남시 분당구 삼평동 418-1,2024-04-28
18,35.91542,128.61307,262003565,77259,78872,대한민국 대구광역시 북구 검단동 1393-216,2024-04-26
46,37.405833,127.094167,162006338,40243,47563,대한민국 경기도 성남시 분당구 삼평동 418-1,2024-04-30
90,37.33278,127.10361,462006250,8097,8080,대한민국 경기도 용인시 수지구 죽전동 866-14,2024-04-23
31,36.37486,127.43024,162005000,71657,70635,대한민국 대전광역시 대덕구 법동 산14-3,2024-04-29
43,36.34686,127.4713,162004949,48026,47811,대한민국 대전광역시 동구 비룡동 416-1,2024-04-25
62,35.829574,129.119259,362003007,28873,28900,대한민국 경상북도 경주시 건천읍 모량리 382-1,2024-04-24
69,35.576942,129.133043,362002668,28161,28301,대한민국 울산광역시 울주군 언양읍 직동리 945-20,2024-04-23
68,36.29508,127.6018,262004808,25474,25387,대한민국 충청북도 옥천군 옥천읍 구일리 817-11,2024-04-25
35,36.42571,127.41682,162005060,63331,64498,대한민국 대전광역시 대덕구 상서동 359-19,2024-04-24
44,35.90045,128.67529,262003501,45986,45382,대한민국 대구광역시 동구 둔산동 594-2,2024-04-23
70,36.30847,127.57572,162004836,26542,26494,대한민국 충청북도 옥천군 옥천읍 문정리 263-1,2024-04-23
72,36.27247,127.73767,262004680,24044,24023,대한민국 충청북도 영동군 용산면 부상리 408-1,2024-04-25
1,37.09439,127.12184,162005969,150276,151003,대한민국 경기도 용인시 처인구 남사읍 진목리 949-383,2024-04-30
94,36.65787,127.36991,162005342,3444,3450,대한민국 충청북도 청주시 흥덕구 옥산면 경부고속도로 309,2024-04-25
63,35.724461,129.194676,362002843,37441,37525,대한민국 경상북도 경주시 내남면 월산리 1097-3,2024-04-29
39,36.61108,127.40018,162005284,59756,56918,대한민국 충청북도 청주시 흥덕구 신전동 157-3,2024-04-24
28,36.70424,127.34704,162005405,72085,72605,대한민국 충청북도 청주시 흥덕구 옥산면 장남리 363-17,2024-04-27
69,36.29508,127.6018,262004808,25508,25479,대한민국 충청북도 옥천군 옥천읍 구일리 817-11,2024-04-24
68,35.814039,129.169968,362002953,26035,26202,대한민국 경상북도 경주시 율동 947-5,2024-04-24
28,37.01353,127.14477,462005881,64723,64240,대한민국 경기도 안성시 원곡면 경부고속도로 365,2024-04-23
87,36.2971,127.59527,462004814,8527,8518,대한민국 충청북도 옥천군 옥천읍 매화리 251-4,2024-04-26
39,36.61108,127.40018,162005284,59254,56175,대한민국 충청북도 청주시 흥덕구 신전동 157-3,2024-04-30
10,37.05325,127.13641,162005925,128227,125359,대한민국 경기도 안성시 원곡면 지문리 산133-4,2024-04-28
4,37.15923,127.08844,162006058,123020,125365,대한민국 경기도 오산시 부산동 157-3,2024-04-26
40,36.07013,128.37529,262003923,57267,58640,대한민국 경상북도 구미시 오태동 228-2,2024-04-24
4,36.91226,127.18921,162005757,136701,136634,대한민국 충청남도 천안시 서북구 입장면 용정리 51-8,2024-04-29
7,36.97148,127.16928,162005828,137178,141314,대한민국 경기도 안성시 공도읍 건천리 189-4,2024-04-28
31,36.58449,127.42647,162005243,64358,57075,대한민국 충청북도 청주시 서원구 남이면 석실리 365-12,2024-04-26
56,35.32861,129.05694,262002365,35224,35236,대한민국 경상남도 양산시 동면 내송리 산76-1,2024-04-27
6,36.88167,127.18917,162005723,125434,124858,대한민국 충청남도 천안시 서북구 성거읍 정촌리 232-38,2024-04-23
17,36.46767,127.42078,162005108,94807,94178,대한민국 충청북도 청주시 서원구 현도면 매봉리 344-1,2024-04-29
69,36.30847,127.57572,162004836,24004,23996,대한민국 충청북도 옥천군 옥천읍 문정리 263-1,2024-04-26
73,36.281111,127.755556,462004623,25744,25595,대한민국 충청북도 옥천군 청성면 조천리 253,2024-04-23
64,35.613003,129.145706,362002711,26854,26878,대한민국 울산광역시 울주군 두서면 구량리 282-1,2024-04-26
18,36.80417,127.165,162005633,92859,96944,대한민국 충청남도 천안시 동남구 원성동 81-2,2024-04-29
49,35.49417,129.09639,262002573,42303,42548,대한민국 경상남도 양산시 하북면 순지리 16-2,2024-04-24
83,36.28039,127.67961,262004734,18189,18197,대한민국 충청북도 옥천군 동이면 조령리 산40-2,2024-04-26
3,37.12583,127.09694,162006016,128371,127603,대한민국 경기도 평택시 진위면 동천리 602-2,2024-04-26
36,36.37486,127.43024,162005000,62985,61847,대한민국 대전광역시 대덕구 법동 산14-3,2024-04-24
22,36.55249,127.43174,162005208,73333,84361,대한민국 충청북도 청주시 서원구 남이면 외천리 187-6,2024-04-30
21,37.12663,127.09778,162006045,78841,75334,대한민국 경기도 평택시 진위면 동천리 596-3,2024-04-27
47,35.43944,129.07833,262002510,40227,40892,대한민국 경상남도 양산시 하북면 용연리 산83-4,2024-04-30
10,37.15923,127.08844,162006058,113026,115583,대한민국 경기도 오산시 부산동 157-3,2024-04-27
41,36.73389,127.28353,162005480,53807,53690,대한민국 충청남도 천안시 동남구 수신면 속창리 143-11,2024-04-23
88,37.33278,127.10361,462006250,7351,7284,대한민국 경기도 용인시 수지구 죽전동 866-14,2024-04-30
12,36.942,127.1897,162005789,109864,109850,대한민국 충청남도 천안시 서북구 입장면 가산리 362-15,2024-04-24
2,37.12583,127.09694,162006016,149752,148302,대한민국 경기도 평택시 진위면 동천리 602-2,2024-04-28
56,35.54778,129.12444,262002639,34824,34636,대한민국 울산광역시 울주군 삼남읍 신화리 산39-3,2024-04-23
35,36.42571,127.41682,162005060,59251,60255,대한민국 대전광역시 대덕구 상서동 359-19,2024-04-26
13,37.37306,127.10556,462006299,106268,109159,대한민국 경기도 성남시 분당구 성남대로407번길 26,2024-04-30
77,36.27095,127.831,262004582,22183,22110,대한민국 충청북도 영동군 용산면 구촌리 13-1,2024-04-30
91,37.07361,127.13444,162005949,7688,7666,대한민국 경기도 안성시 원곡면 산하리 319-1,2024-04-28
79,36.19304,128.00252,262004374,21734,21838,대한민국 경상북도 김천시 봉산면 광천리 798,2024-04-30
24,36.72039,127.33097,162005435,68843,69337,대한민국 충청북도 청주시 흥덕구 옥산면 사정리 산22-1,2024-04-23
80,36.22234,127.90606,262004479,22334,22531,대한민국 충청북도 영동군 황간면 마산리 269-2,2024-04-27
55,36.35164,127.50214,162004920,37795,37882,대한민국 대전광역시 동구 신상동 171-1,2024-04-25
52,36.33218,127.53434,162004882,38278,36796,대한민국 충청북도 옥천군 군북면 이백리 산15-2,2024-04-30
63,36.15981,128.22747,262004121,27006,27313,대한민국 경상북도 김천시 아포읍 봉산리 1229-11,2024-04-26
39,36.07013,128.37529,262003923,56396,56906,대한민국 경상북도 구미시 오태동 228-2,2024-04-26
14,37.31222,127.10583,162006230,93352,86464,대한민국 경기도 용인시 기흥구 보정동 1105-2,2024-04-24
82,36.13882,128.06343,262004287,21953,21594,대한민국 경상북도 김천시 봉산면 신리 325-4,2024-04-23
51,35.856642,129.079858,362003058,37709,37500,대한민국 경상북도 경주시 건천읍 신평리 1136-10,2024-04-23
64,36.15981,128.22747,262004121,28183,28826,대한민국 경상북도 김천시 아포읍 봉산리 1229-11,2024-04-27
12,36.942,127.1897,162005789,116618,116587,대한민국 충청남도 천안시 서북구 입장면 가산리 362-15,2024-04-29
31,36.64024,127.37826,162005324,64706,64768,대한민국 충청북도 청주시 흥덕구 강내면 학천리 511-4,2024-04-30
42,35.90045,128.67529,262003501,58098,59698,대한민국 대구광역시 동구 둔산동 594-2,2024-04-29
6,37.34333,127.10556,162006266,121322,119673,대한민국 경기도 성남시 분당구 구미동 173-2,2024-04-25
57,35.32861,129.05694,262002365,37892,38236,대한민국 경상남도 양산시 동면 내송리 산76-1,2024-04-28
41,35.90045,128.67529,262003501,52878,53940,대한민국 대구광역시 동구 둔산동 594-2,2024-04-26
14,37.31222,127.10583,162006230,90777,84307,대한민국 경기도 용인시 기흥구 보정동 1105-2,2024-04-26
46,35.43944,129.07833,262002510,41376,41928,대한민국 경상남도 양산시 하북면 용연리 산83-4,2024-04-26
43,36.34686,127.4713,162004949,49611,48935,대한민국 대전광역시 동구 비룡동 416-1,2024-04-24
55,35.829574,129.119259,362003007,42591,42696,대한민국 경상북도 경주시 건천읍 모량리 382-1,2024-04-29
72,36.281111,127.755556,462004623,29047,29114,대한민국 충청북도 옥천군 청성면 조천리 253,2024-04-29
18,36.46767,127.42078,162005108,82610,83398,대한민국 충청북도 청주시 서원구 현도면 매봉리 344-1,2024-04-23
55,35.28722,129.10333,262002305,33848,37337,대한민국 부산광역시 금정구 노포동 1112-8,2024-04-30
44,35.27917,129.11472,262002290,45734,43499,대한민국 부산광역시 금정구 선동 560,2024-04-24
38,36.73389,127.28353,162005480,57171,57035,대한민국 충청남도 천안시 동남구 수신면 속창리 143-11,2024-04-26
74,35.87981,128.83829,262003338,23719,23863,대한민국 경상북도 경산시 진량읍 문천리 산26-2,2024-04-25
43,36.34686,127.4713,162004949,56867,59367,대한민국 대전광역시 동구 비룡동 416-1,2024-04-28
83,36.94295,127.19273,162005791,19376,19408,대한민국 충청남도 천안시 서북구 입장면 연곡길 407,2024-04-23
61,35.814039,129.169968,362002953,32380,30144,대한민국 경상북도 경주시 율동 947-5,2024-04-23
62,35.829574,129.119259,362003007,29740,29612,대한민국 경상북도 경주시 건천읍 모량리 382-1,2024-04-27
89,37.33278,127.10361,462006250,7843,7735,대한민국 경기도 용인시 수지구 죽전동 866-14,2024-04-27
29,36.70424,127.34704,162005405,64495,65004,대한민국 충청북도 청주시 흥덕구 옥산면 장남리 363-17,2024-04-23
47,35.877,128.76547,262003406,40922,41019,대한민국 경상북도 경산시 하양읍 청천리 412-3,2024-04-26
84,36.94295,127.19273,162005791,13857,13877,대한민국 충청남도 천안시 서북구 입장면 연곡길 407,2024-04-27
54,36.33218,127.53434,162004882,42806,43079,대한민국 충청북도 옥천군 군북면 이백리 산15-2,2024-04-29
23,35.90452,128.56087,262003614,71126,67040,대한민국 대구광역시 북구 노곡로3길 23-3,2024-04-26
1,37.09439,127.12184,162005969,163639,164528,대한민국 경기도 용인시 처인구 남사읍 진목리 949-383,2024-04-28
86,36.31666,127.5576,462004853,13191,15366,대한민국 충청북도 옥천군 옥천읍 옥각리 산63-2,2024-04-24
9,37.34333,127.10556,162006266,125542,122194,대한민국 경기도 성남시 분당구 구미동 173-2,2024-04-29
74,35.54778,129.12444,262002639,23170,22528,대한민국 울산광역시 울주군 삼남읍 신화리 산39-3,2024-04-30
64,36.15672,128.19537,262004150,25312,25655,대한민국 경상북도 김천시 아포읍 대신리 885-45,2024-04-30
31,35.90586,128.4924,262003687,67123,67295,대한민국 경상북도 칠곡군 지천면 오산리 762-2,2024-04-25
34,36.04974,128.40865,262003880,62234,63024,대한민국 경상북도 칠곡군 석적읍 포남리 597-8,2024-04-30
50,35.87467,128.73658,262003435,42446,42628,대한민국 대구광역시 동구 괴전동 산24-2,2024-04-27
89,37.33278,127.10361,462006250,8054,7882,대한민국 경기도 용인시 수지구 죽전동 866-14,2024-04-28
60,35.28722,129.10333,262002305,40020,45347,대한민국 부산광역시 금정구 노포동 1112-8,2024-04-29
27,36.49669,127.43066,462005145,72487,72497,대한민국 충청북도 청주시 서원구 현도면 죽전리 51-5,2024-04-27
73,36.281111,127.755556,462004623,25001,25041,대한민국 충청북도 옥천군 청성면 조천리 253,2024-04-27
80,36.19304,128.00252,262004374,22022,22144,대한민국 경상북도 김천시 봉산면 광천리 798,2024-04-24
49,36.1362,128.31906,262004031,46018,46121,대한민국 경상북도 구미시 도량동 449,2024-04-29
45,35.27917,129.11472,262002290,44722,42356,대한민국 부산광역시 금정구 선동 560,2024-04-26
67,35.918066,129.006783,362003161,26268,27149,대한민국 경상북도 영천시 북안면 임포리 385-5,2024-04-24
56,35.28722,129.10333,262002305,35840,38888,대한민국 부산광역시 금정구 노포동 1112-8,2024-04-25
60,35.829574,129.119259,362003007,28358,28363,대한민국 경상북도 경주시 건천읍 모량리 382-1,2024-04-30
74,36.15672,128.19537,262004150,25608,25365,대한민국 경상북도 김천시 아포읍 대신리 885-45,2024-04-23
59,37.405833,127.094167,162006338,40751,48153,대한민국 경기도 성남시 분당구 삼평동 418-1,2024-04-29
22,35.95647,128.45522,262003756,83695,84507,대한민국 경상북도 칠곡군 지천면 연화리 772-11,2024-04-29
8,37.34333,127.10556,162006266,120259,118777,대한민국 경기도 성남시 분당구 구미동 173-2,2024-04-24
18,36.46767,127.42078,162005108,82434,82788,대한민국 충청북도 청주시 서원구 현도면 매봉리 344-1,2024-04-24
61,35.32861,129.05694,262002365,38448,38249,대한민국 경상남도 양산시 동면 내송리 산76-1,2024-04-29
92,36.73039,127.26357,162005500,6142,6127,대한민국 충청남도 천안시 동남구 수신면 신풍리 462-2,2024-04-23
81,36.21047,127.94939,262004437,22172,22171,대한민국 충청북도 영동군 추풍령면 계룡리 241-1,2024-04-27
89,36.2971,127.59527,462004814,10121,10128,대한민국 충청북도 옥천군 옥천읍 매화리 251-4,2024-04-23
14,37.31222,127.10583,162006230,93408,86649,대한민국 경기도 용인시 기흥구 보정동 1105-2,2024-04-27
23,35.91571,128.65202,262003528,73081,73249,대한민국 대구광역시 동구 도동 231,2024-04-30
41,36.3585,127.45505,162004969,51277,51109,대한민국 대전광역시 대덕구 비래동 23-3번지,2024-04-30
69,36.30847,127.57572,162004836,25340,25338,대한민국 충청북도 옥천군 옥천읍 문정리 263-1,2024-04-27
83,36.28039,127.67961,262004734,18632,18676,대한민국 충청북도 옥천군 동이면 조령리 산40-2,2024-04-30
11,37.34333,127.10556,162006266,116577,115018,대한민국 경기도 성남시 분당구 구미동 173-2,2024-04-23
43,35.43944,129.07833,262002510,47146,48238,대한민국 경상남도 양산시 하북면 용연리 산83-4,2024-04-23
42,36.34686,127.4713,162004949,52252,46949,대한민국 대전광역시 동구 비룡동 416-1,2024-04-23
71,35.724461,129.194676,362002843,25132,25164,대한민국 경상북도 경주시 내남면 월산리 1097-3,2024-04-24
3,37.12583,127.09694,162006016,137740,136700,대한민국 경기도 평택시 진위면 동천리 602-2,2024-04-30
15,36.51436,127.42951,162005164,98113,98370,대한민국 충청북도 청주시 서원구 현도면 우록리 773-22,2024-04-29
92,36.85541,127.18106,162005692,6340,6352,대한민국 충청남도 천안시 서북구 성거읍 요방리 117-3,2024-04-26
82,36.13882,128.06343,262004287,21152,21103,대한민국 경상북도 김천시 봉산면 신리 325-4,2024-04-24
27,36.70424,127.34704,162005405,85172,85282,대한민국 충청북도 청주시 흥덕구 옥산면 장남리 363-17,2024-04-28
37,36.37486,127.43024,162005000,73434,73200,대한민국 대전광역시 대덕구 법동 산14-3,2024-04-28
81,36.22234,127.90606,262004479,21807,22115,대한민국 충청북도 영동군 황간면 마산리 269-2,2024-04-24
51,36.35164,127.50214,162004920,44755,44984,대한민국 대전광역시 동구 신상동 171-1,2024-04-28
58,35.669408,129.175983,362002779,37285,37192,대한민국 울산광역시 울주군 두서면 전읍리 331-3,2024-04-28
65,35.669408,129.175983,362002779,27120,27057,대한민국 울산광역시 울주군 두서면 전읍리 331-3,2024-04-25
39,36.3585,127.45505,162004969,62494,61428,대한민국 대전광역시 대덕구 비래동 23-3번지,2024-04-29
55,35.28722,129.10333,262002305,37069,40600,대한민국 부산광역시 금정구 노포동 1112-8,2024-04-27
15,37.31222,127.10583,162006230,91365,86099,대한민국 경기도 용인시 기흥구 보정동 1105-2,2024-04-23
93,36.65787,127.36991,162005342,3398,3403,대한민국 충청북도 청주시 흥덕구 옥산면 경부고속도로 309,2024-04-27
64,35.613003,129.145706,362002711,27230,27246,대한민국 울산광역시 울주군 두서면 구량리 282-1,2024-04-25
58,35.856642,129.079858,362003058,29688,29756,대한민국 경상북도 경주시 건천읍 신평리 1136-10,2024-04-30
72,36.27247,127.73767,262004680,23261,23246,대한민국 충청북도 영동군 용산면 부상리 408-1,2024-04-26
79,36.19304,128.00252,262004374,21447,21453,대한민국 경상북도 김천시 봉산면 광천리 798,2024-04-26
61,35.669408,129.175983,362002779,29942,29896,대한민국 울산광역시 울주군 두서면 전읍리 331-3,2024-04-27
47,35.49417,129.09639,262002573,43588,43992,대한민국 경상남도 양산시 하북면 순지리 16-2,2024-04-27
54,36.35164,127.50214,162004920,36430,36472,대한민국 대전광역시 동구 신상동 171-1,2024-04-26
68,35.793205,129.193445,362002920,31384,31722,대한민국 경상북도 경주시 내남면 망성리 15-10,2024-04-28
41,35.90045,128.67529,262003501,56004,56983,대한민국 대구광역시 동구 둔산동 594-2,2024-04-27
9,37.05325,127.13641,162005925,120595,116968,대한민국 경기도 안성시 원곡면 지문리 산133-4,2024-04-23
57,35.32861,129.05694,262002365,33900,33847,대한민국 경상남도 양산시 동면 내송리 산76-1,2024-04-25
22,35.95647,128.45522,262003756,69382,70000,대한민국 경상북도 칠곡군 지천면 연화리 772-11,2024-04-23
29,36.68178,127.36983,162005373,67656,67514,대한민국 충청북도 청주시 흥덕구 옥산면 국사리 203,2024-04-25
45,35.43944,129.07833,262002510,51279,52162,대한민국 경상남도 양산시 하북면 용연리 산83-4,2024-04-28
86,36.42691,127.41836,162005062,9868,8782,대한민국 대전광역시 대덕구 상서동 352-7,2024-04-29
80,36.21047,127.94939,262004437,21661,21720,대한민국 충청북도 영동군 추풍령면 계룡리 241-1,2024-04-30
39,36.61108,127.40018,162005284,60450,57794,대한민국 충청북도 청주시 흥덕구 신전동 157-3,2024-04-27
67,35.793205,129.193445,362002920,34817,35752,대한민국 경상북도 경주시 내남면 망성리 15-10,2024-04-29
11,36.97148,127.16928,162005828,114157,118420,대한민국 경기도 안성시 공도읍 건천리 189-4,2024-04-25
19,36.72039,127.33097,162005435,92441,91703,대한민국 충청북도 청주시 흥덕구 옥산면 사정리 산22-1,2024-04-28
93,36.29766,127.59916,462004812,5430,5459,대한민국 충청북도 옥천군 옥천읍 매화리 291-9,2024-04-23
81,36.22234,127.90606,262004479,21180,21333,대한민국 충청북도 영동군 황간면 마산리 269-2,2024-04-26
44,36.34686,127.4713,162004949,46310,46181,대한민국 대전광역시 동구 비룡동 416-1,2024-04-26
21,36.49669,127.43066,462005145,85474,85363,대한민국 충청북도 청주시 서원구 현도면 죽전리 51-5,2024-04-29
92,36.85541,127.18106,162005692,6734,6745,대한민국 충청남도 천안시 서북구 성거읍 요방리 117-3,2024-04-25
88,37.07361,127.13444,162005949,8208,8213,대한민국 경기도 안성시 원곡면 산하리 319-1,2024-04-24
46,35.43944,129.07833,262002510,52006,52671,대한민국 경상남도 양산시 하북면 용연리 산83-4,2024-04-29
77,36.27095,127.831,262004582,21753,21617,대한민국 충청북도 영동군 용산면 구촌리 13-1,2024-04-26
57,35.32861,129.05694,262002365,33570,33606,대한민국 경상남도 양산시 동면 내송리 산76-1,2024-04-24
75,36.27247,127.73767,262004680,24616,24601,대한민국 충청북도 영동군 용산면 부상리 408-1,2024-04-23
47,36.1362,128.31906,262004031,48161,47174,대한민국 경상북도 구미시 도량동 449,2024-04-28
85,36.94295,127.19273,162005791,13747,13716,대한민국 충청남도 천안시 서북구 입장면 연곡길 407,2024-04-25
68,35.25667,129.10056,462002266,28220,27175,대한민국 부산광역시 금정구 구서동 34,2024-04-23
59,35.669408,129.175983,362002779,28575,28613,대한민국 울산광역시 울주군 두서면 전읍리 331-3,2024-04-30
92,36.85541,127.18106,162005692,6731,6744,대한민국 충청남도 천안시 서북구 성거읍 요방리 117-3,2024-04-24
79,36.15056,128.03339,262004318,22262,22311,대한민국 경상북도 김천시 봉산면 태화리 155-4,2024-04-25
44,,,462015611,46164,46503,,2024-04-25
88,36.42691,127.41836,162005062,10449,9271,대한민국 대전광역시 대덕구 상서동 352-7,2024-04-23
77,36.15056,128.03339,262004318,25961,26018,대한민국 경상북도 김천시 봉산면 태화리 155-4,2024-04-29
21,36.72039,127.33097,162005435,77972,78017,대한민국 충청북도 청주시 흥덕구 옥산면 사정리 산22-1,2024-04-24
29,36.68178,127.36983,162005373,70237,70160,대한민국 충청북도 청주시 흥덕구 옥산면 국사리 203,2024-04-24
56,35.54778,129.12444,262002639,41850,42375,대한민국 울산광역시 울주군 삼남읍 신화리 산39-3,2024-04-29
1,37.09439,127.12184,162005969,140786,141785,대한민국 경기도 용인시 처인구 남사읍 진목리 949-383,2024-04-26
46,37.23222,127.10694,162006144,44803,46334,대한민국 경기도 용인시 기흥구 공세동 656-16,2024-04-25
0,37.16678,127.09193,162006064,164402,165807,대한민국 경기도 화성시 송동 425-9,2024-04-23
87,36.2971,127.59527,462004814,8336,8348,대한민국 충청북도 옥천군 옥천읍 매화리 251-4,2024-04-30
80,36.21047,127.94939,262004437,21362,21340,대한민국 충청북도 영동군 추풍령면 계룡리 241-1,2024-04-26
0,37.16678,127.09193,162006064,165974,168003,대한민국 경기도 화성시 송동 425-9,2024-04-30
49,35.3725,129.05333,262002432,42944,41732,대한민국 경상남도 양산시 산막동 354,2024-04-27
86,36.31666,127.5576,462004853,13158,15139,대한민국 충청북도 옥천군 옥천읍 옥각리 산63-2,2024-04-25
25,35.97664,128.43275,262003788,77104,75826,대한민국 경상북도 칠곡군 왜관읍 삼청리 21-29번지,2024-04-29
20,36.49669,127.43066,462005145,78303,78258,대한민국 충청북도 청주시 서원구 현도면 죽전리 51-5,2024-04-24
36,36.39055,127.42292,162005018,60814,61355,대한민국 대전광역시 대덕구 연축동 278,2024-04-25
64,35.814039,129.169968,362002953,33532,34046,대한민국 경상북도 경주시 율동 947-5,2024-04-28
4,36.91226,127.18921,162005757,124492,124263,대한민국 충청남도 천안시 서북구 입장면 용정리 51-8,2024-04-27
78,36.19304,128.00252,262004374,27762,27797,대한민국 경상북도 김천시 봉산면 광천리 798,2024-04-28
82,36.21047,127.94939,262004437,21860,21891,대한민국 충청북도 영동군 추풍령면 계룡리 241-1,2024-04-25
30,36.68178,127.36983,162005373,64969,64835,대한민국 충청북도 청주시 흥덕구 옥산면 국사리 203,2024-04-26
49,35.877,128.76547,262003406,45922,45623,대한민국 경상북도 경산시 하양읍 청천리 412-3,2024-04-28
48,35.877,128.76547,262003406,42385,42554,대한민국 경상북도 경산시 하양읍 청천리 412-3,2024-04-24
94,,,462015611,1040,1223,,2024-04-27
86,36.2971,127.59527,462004814,9473,9456,대한민국 충청북도 옥천군 옥천읍 매화리 251-4,2024-04-27
24,36.49669,127.43066,462005145,72337,72316,대한민국 충청북도 청주시 서원구 현도면 죽전리 51-5,2024-04-30
89,36.73039,127.26357,162005500,7599,7570,대한민국 충청남도 천안시 동남구 수신면 신풍리 462-2,2024-04-29
76,35.576942,129.133043,362002668,23417,23315,대한민국 울산광역시 울주군 언양읍 직동리 945-20,2024-04-25
65,35.724461,129.194676,362002843,32776,32827,대한민국 경상북도 경주시 내남면 월산리 1097-3,2024-04-28
19,36.46767,127.42078,162005108,77110,77283,대한민국 충청북도 청주시 서원구 현도면 매봉리 344-1,2024-04-26
22,36.72039,127.33097,162005435,72492,72526,대한민국 충청북도 청주시 흥덕구 옥산면 사정리 산22-1,2024-04-26
48,35.3725,129.05333,262002432,46897,45963,대한민국 경상남도 양산시 산막동 354,2024-04-28
46,35.27917,129.11472,262002290,40978,38221,대한민국 부산광역시 금정구 선동 560,2024-04-23
61,36.48658,127.42949,162005134,27897,27881,대한민국 충청북도 청주시 서원구 현도면 선동리 284-13,2024-04-26
15,36.51436,127.42951,162005164,102733,103062,대한민국 충청북도 청주시 서원구 현도면 우록리 773-22,2024-04-28
69,35.814039,129.169968,362002953,25445,25506,대한민국 경상북도 경주시 율동 947-5,2024-04-25
3,37.12583,127.09694,162006016,133650,132809,대한민국 경기도 평택시 진위면 동천리 602-2,2024-04-25
95,36.71603,127.34914,162005422,265,264,대한민국 충청북도 청주시 흥덕구 옥산면 장남리 287,2024-04-30
68,35.576942,129.133043,362002668,34587,33735,대한민국 울산광역시 울주군 언양읍 직동리 945-20,2024-04-29
11,36.97148,127.16928,162005828,118093,123250,대한민국 경기도 안성시 공도읍 건천리 189-4,2024-04-24
59,35.87467,128.73658,262003435,32676,33411,대한민국 대구광역시 동구 괴전동 산24-2,2024-04-23
45,35.27917,129.11472,262002290,53556,50380,대한민국 부산광역시 금정구 선동 560,2024-04-29
44,37.23222,127.10694,162006144,47633,49376,대한민국 경기도 용인시 기흥구 공세동 656-16,2024-04-27
4,37.2571,127.10411,162006167,124762,125561,대한민국 경기도 용인시 기흥구 보라동 380-8,2024-04-24
60,36.48658,127.42949,162005134,30126,30117,대한민국 충청북도 청주시 서원구 현도면 선동리 284-13,2024-04-27
17,36.51436,127.42951,162005164,85198,85500,대한민국 충청북도 청주시 서원구 현도면 우록리 773-22,2024-04-30
90,36.29766,127.59916,462004812,6639,6651,대한민국 충청북도 옥천군 옥천읍 매화리 291-9,2024-04-30
38,36.37486,127.43024,162005000,62701,62162,대한민국 대전광역시 대덕구 법동 산14-3,2024-04-27
83,36.21047,127.94939,262004437,20554,20650,대한민국 충청북도 영동군 추풍령면 계룡리 241-1,2024-04-24
16,36.80417,127.165,162005633,85306,84039,대한민국 충청남도 천안시 동남구 원성동 81-2,2024-04-26
35,37.01353,127.14477,462005881,74499,70747,대한민국 경기도 안성시 원곡면 경부고속도로 365,2024-04-28
59,35.54778,129.12444,262002639,30898,31121,대한민국 울산광역시 울주군 삼남읍 신화리 산39-3,2024-04-27
67,36.29508,127.6018,262004808,24766,24716,대한민국 충청북도 옥천군 옥천읍 구일리 817-11,2024-04-30
53,36.33218,127.53434,162004882,39608,37864,대한민국 충청북도 옥천군 군북면 이백리 산15-2,2024-04-24
28,36.70424,127.34704,162005405,71063,71809,대한민국 충청북도 청주시 흥덕구 옥산면 장남리 363-17,2024-04-24
34,36.70424,127.34704,162005405,69297,69720,대한민국 충청북도 청주시 흥덕구 옥산면 장남리 363-17,2024-04-29
92,36.65787,127.36991,162005342,3003,3000,대한민국 충청북도 청주시 흥덕구 옥산면 경부고속도로 309,2024-04-29
89,36.42691,127.41836,162005062,7911,7193,대한민국 대전광역시 대덕구 상서동 352-7,2024-04-24
39,36.61108,127.40018,162005284,72601,68836,대한민국 충청북도 청주시 흥덕구 신전동 157-3,2024-04-28
14,36.80417,127.165,162005633,104919,108061,대한민국 충청남도 천안시 동남구 원성동 81-2,2024-04-28
94,,,462015611,341,400,,2024-04-30
85,37.07361,127.13444,162005949,9630,9640,대한민국 경기도 안성시 원곡면 산하리 319-1,2024-04-30
13,37.37306,127.10556,462006299,108651,113181,대한민국 경기도 성남시 분당구 성남대로407번길 26,2024-04-28
33,37.01353,127.14477,462005881,60804,59933,대한민국 경기도 안성시 원곡면 경부고속도로 365,2024-04-26
65,36.15672,128.19537,262004150,26410,26520,대한민국 경상북도 김천시 아포읍 대신리 885-45,2024-04-26
37,36.39055,127.42292,162005018,60700,61828,대한민국 대전광역시 대덕구 연축동 278,2024-04-30
46,,,462015611,43709,43779,,2024-04-24
33,35.90586,128.4924,262003687,75732,77168,대한민국 경상북도 칠곡군 지천면 오산리 762-2,2024-04-28
45,37.23222,127.10694,162006144,45081,46704,대한민국 경기도 용인시 기흥구 공세동 656-16,2024-04-24
15,36.80417,127.165,162005633,93125,93904,대한민국 충청남도 천안시 동남구 원성동 81-2,2024-04-27
7,36.91226,127.18921,162005757,125305,125398,대한민국 충청남도 천안시 서북구 입장면 용정리 51-8,2024-04-30
32,36.04974,128.40865,262003880,62945,63620,대한민국 경상북도 칠곡군 석적읍 포남리 597-8,2024-04-26
19,36.49669,127.43066,462005145,74294,74336,대한민국 충청북도 청주시 서원구 현도면 죽전리 51-5,2024-04-23
76,36.27954,127.69244,262004721,23930,23948,대한민국 충청북도 옥천군 동이면 조령리 산26-3,2024-04-24
50,35.877,128.76547,262003406,44375,44050,대한민국 경상북도 경산시 하양읍 청천리 412-3,2024-04-29
24,36.55249,127.43174,162005208,70598,79518,대한민국 충청북도 청주시 서원구 남이면 외천리 187-6,2024-04-26
6,37.12583,127.09694,162006016,122040,122057,대한민국 경기도 평택시 진위면 동천리 602-2,2024-04-27
43,37.23222,127.10694,162006144,48740,50442,대한민국 경기도 용인시 기흥구 공세동 656-16,2024-04-30
12,36.942,127.1897,162005789,108215,108201,대한민국 충청남도 천안시 서북구 입장면 가산리 362-15,2024-04-23
23,36.55249,127.43174,162005208,76379,86198,대한민국 충청북도 청주시 서원구 남이면 외천리 187-6,2024-04-27
24,36.74568,127.22726,162005536,76328,76290,대한민국 충청남도 천안시 동남구 성남면 신사리 산88-15,2024-04-27
17,36.51436,127.42951,162005164,80473,80726,대한민국 충청북도 청주시 서원구 현도면 우록리 773-22,2024-04-26
66,35.814039,129.169968,362002953,24980,24975,대한민국 경상북도 경주시 율동 947-5,2024-04-26
25,35.97664,128.43275,262003788,68651,67458,대한민국 경상북도 칠곡군 왜관읍 삼청리 21-29번지,2024-04-23
95,36.71603,127.34914,162005422,319,323,대한민국 충청북도 청주시 흥덕구 옥산면 장남리 287,2024-04-28
73,36.27247,127.73767,262004680,24436,24428,대한민국 충청북도 영동군 용산면 부상리 408-1,2024-04-24
38,36.61108,127.40018,162005284,55749,53642,대한민국 충청북도 청주시 흥덕구 신전동 157-3,2024-04-23
26,35.95647,128.45522,262003756,85204,87156,대한민국 경상북도 칠곡군 지천면 연화리 772-11,2024-04-28
53,36.1362,128.31906,262004031,40151,40126,대한민국 경상북도 구미시 도량동 449,2024-04-25
10,36.84408,127.17605,162005679,112527,112511,대한민국 충청남도 천안시 서북구 성거읍 요방리 219-7,2024-04-26
64,35.918066,129.006783,362003161,37201,38390,대한민국 경상북도 영천시 북안면 임포리 385-5,2024-04-29
32,37.01353,127.14477,462005881,67122,65616,대한민국 경기도 안성시 원곡면 경부고속도로 365,2024-04-27
46,35.49417,129.09639,262002573,50495,50556,대한민국 경상남도 양산시 하북면 순지리 16-2,2024-04-28
80,36.19304,128.00252,262004374,22060,22076,대한민국 경상북도 김천시 봉산면 광천리 798,2024-04-25
13,37.37306,127.10556,462006299,108108,111510,대한민국 경기도 성남시 분당구 성남대로407번길 26,2024-04-29
58,35.25667,129.10056,462002266,31535,29100,대한민국 부산광역시 금정구 구서동 34,2024-04-24
30,36.58449,127.42647,162005243,69329,60831,대한민국 충청북도 청주시 서원구 남이면 석실리 365-12,2024-04-24
69,36.15672,128.19537,262004150,31353,31209,대한민국 경상북도 김천시 아포읍 대신리 885-45,2024-04-28
53,36.33218,127.53434,162004882,37831,36110,대한민국 충청북도 옥천군 군북면 이백리 산15-2,2024-04-26
46,35.43944,129.07833,262002510,44387,45107,대한민국 경상남도 양산시 하북면 용연리 산83-4,2024-04-27
95,36.71603,127.34914,162005422,298,299,대한민국 충청북도 청주시 흥덕구 옥산면 장남리 287,2024-04-25
17,36.51436,127.42951,162005164,86276,86563,대한민국 충청북도 청주시 서원구 현도면 우록리 773-22,2024-04-24
78,36.15056,128.03339,262004318,22759,22824,대한민국 경상북도 김천시 봉산면 태화리 155-4,2024-04-27
77,35.576942,129.133043,362002668,23925,23525,대한민국 울산광역시 울주군 언양읍 직동리 945-20,2024-04-24
71,35.724461,129.194676,362002843,23729,23774,대한민국 경상북도 경주시 내남면 월산리 1097-3,2024-04-26
65,36.15672,128.19537,262004150,27367,27399,대한민국 경상북도 김천시 아포읍 대신리 885-45,2024-04-27
57,35.877,128.76547,262003406,33831,33666,대한민국 경상북도 경산시 하양읍 청천리 412-3,2024-04-23
50,36.33218,127.53434,162004882,45268,44987,대한민국 충청북도 옥천군 군북면 이백리 산15-2,2024-04-28
30,36.58449,127.42647,162005243,67565,59940,대한민국 충청북도 청주시 서원구 남이면 석실리 365-12,2024-04-25
88,36.2971,127.59527,462004814,9401,9381,대한민국 충청북도 옥천군 옥천읍 매화리 251-4,2024-04-25
17,36.51436,127.42951,162005164,85625,86461,대한민국 충청북도 청주시 서원구 현도면 우록리 773-22,2024-04-23
33,36.73389,127.28353,162005480,62404,62256,대한민국 충청남도 천안시 동남구 수신면 속창리 143-11,2024-04-30
34,36.64024,127.37826,162005324,60236,60116,대한민국 충청북도 청주시 흥덕구 강내면 학천리 511-4,2024-04-26
63,36.15981,128.22747,262004121,27547,28020,대한민국 경상북도 김천시 아포읍 봉산리 1229-11,2024-04-25
36,36.42571,127.41682,162005060,74440,76223,대한민국 대전광역시 대덕구 상서동 359-19,2024-04-28
0,37.16678,127.09193,162006064,180029,183439,대한민국 경기도 화성시 송동 425-9,2024-04-29
65,35.814039,129.169968,362002953,25187,24985,대한민국 경상북도 경주시 율동 947-5,2024-04-30
94,36.65787,127.36991,162005342,3036,3047,대한민국 충청북도 청주시 흥덕구 옥산면 경부고속도로 309,2024-04-24
19,35.91542,128.61307,262003565,79126,80368,대한민국 대구광역시 북구 검단동 1393-216,2024-04-24
9,36.84408,127.17605,162005679,121866,122600,대한민국 충청남도 천안시 서북구 성거읍 요방리 219-7,2024-04-30
86,36.31666,127.5576,462004853,9359,11197,대한민국 충청북도 옥천군 옥천읍 옥각리 산63-2,2024-04-30
94,36.65787,127.36991,162005342,2377,2384,대한민국 충청북도 청주시 흥덕구 옥산면 경부고속도로 309,2024-04-23
84,36.28039,127.67961,262004734,19550,19576,대한민국 충청북도 옥천군 동이면 조령리 산40-2,2024-04-24
13,37.37306,127.10556,462006299,101045,104498,대한민국 경기도 성남시 분당구 성남대로407번길 26,2024-04-26
79,35.87981,128.83829,262003338,27431,27287,대한민국 경상북도 경산시 진량읍 문천리 산26-2,2024-04-28
88,36.29766,127.59916,462004812,8236,8213,대한민국 충청북도 옥천군 옥천읍 매화리 291-9,2024-04-28
59,35.829574,129.119259,362003007,37026,36967,대한민국 경상북도 경주시 건천읍 모량리 382-1,2024-04-28
56,35.28722,129.10333,262002305,39872,44035,대한민국 부산광역시 금정구 노포동 1112-8,2024-04-28
8,37.34333,127.10556,162006266,123078,120757,대한민국 경기도 성남시 분당구 구미동 173-2,2024-04-30
2,37.27944,127.10353,162006192,140254,133062,대한민국 경기도 용인시 기흥구 신갈동 384-10,2024-04-30
5,36.91226,127.18921,162005757,126593,126563,대한민국 충청남도 천안시 서북구 입장면 용정리 51-8,2024-04-23
81,36.22234,127.90606,262004479,21558,21842,대한민국 충청북도 영동군 황간면 마산리 269-2,2024-04-30
45,35.49417,129.09639,262002573,45169,45273,대한민국 경상남도 양산시 하북면 순지리 16-2,2024-04-23
90,37.07361,127.13444,162005949,7542,7488,대한민국 경기도 안성시 원곡면 산하리 319-1,2024-04-29
7,36.84408,127.17605,162005679,131331,131320,대한민국 충청남도 천안시 서북구 성거읍 요방리 219-7,2024-04-29
75,35.793205,129.193445,362002920,24010,24249,대한민국 경상북도 경주시 내남면 망성리 15-10,2024-04-24
16,36.80417,127.165,162005633,90780,84979,대한민국 충청남도 천안시 동남구 원성동 81-2,2024-04-23
48,36.33218,127.53434,162004882,39090,36499,대한민국 충청북도 옥천군 군북면 이백리 산15-2,2024-04-23
71,35.793205,129.193445,362002920,23722,23821,대한민국 경상북도 경주시 내남면 망성리 15-10,2024-04-30
32,35.90586,128.4924,262003687,63131,62631,대한민국 경상북도 칠곡군 지천면 오산리 762-2,2024-04-30
3,37.27944,127.10353,162006192,133701,127824,대한민국 경기도 용인시 기흥구 신갈동 384-10,2024-04-23
41,36.73389,127.28353,162005480,58900,58741,대한민국 충청남도 천안시 동남구 수신면 속창리 143-11,2024-04-29
62,35.54778,129.12444,262002639,36019,36523,대한민국 울산광역시 울주군 삼남읍 신화리 산39-3,2024-04-28
28,36.70424,127.34704,162005405,65708,66308,대한민국 충청북도 청주시 흥덕구 옥산면 장남리 363-17,2024-04-26
51,35.87467,128.73658,262003435,43838,44142,대한민국 대구광역시 동구 괴전동 산24-2,2024-04-29
0,37.16678,127.09193,162006064,191390,194066,대한민국 경기도 화성시 송동 425-9,2024-04-28
63,35.613003,129.145706,362002711,29061,29062,대한민국 울산광역시 울주군 두서면 구량리 282-1,2024-04-27
36,36.37486,127.43024,162005000,60970,59759,대한민국 대전광역시 대덕구 법동 산14-3,2024-04-30
91,36.42691,127.41836,162005062,7553,6943,대한민국 대전광역시 대덕구 상서동 352-7,2024-04-25
0,37.16678,127.09193,162006064,171645,173944,대한민국 경기도 화성시 송동 425-9,2024-04-24
93,36.73039,127.26357,162005500,5895,5872,대한민국 충청남도 천안시 동남구 수신면 신풍리 462-2,2024-04-25
34,36.73389,127.28353,162005480,75083,74912,대한민국 충청남도 천안시 동남구 수신면 속창리 143-11,2024-04-28
33,37.01353,127.14477,462005881,63855,62553,대한민국 경기도 안성시 원곡면 경부고속도로 365,2024-04-25
26,35.90452,128.56087,262003614,66706,61043,대한민국 대구광역시 북구 노곡로3길 23-3,2024-04-23
30,35.90586,128.4924,262003687,73075,74008,대한민국 경상북도 칠곡군 지천면 오산리 762-2,2024-04-29
71,36.281111,127.755556,462004623,24789,24768,대한민국 충청북도 옥천군 청성면 조천리 253,2024-04-25
53,36.33218,127.53434,162004882,40052,38307,대한민국 충청북도 옥천군 군북면 이백리 산15-2,2024-04-27
50,36.1362,128.31906,262004031,38523,40539,대한민국 경상북도 구미시 도량동 449,2024-04-23
76,36.27954,127.69244,262004721,22714,22713,대한민국 충청북도 옥천군 동이면 조령리 산26-3,2024-04-26
37,36.37486,127.43024,162005000,60573,60151,대한민국 대전광역시 대덕구 법동 산14-3,2024-04-25
37,36.64024,127.37826,162005324,59796,61260,대한민국 충청북도 청주시 흥덕구 강내면 학천리 511-4,2024-04-23
61,35.54778,129.12444,262002639,29632,30112,대한민국 울산광역시 울주군 삼남읍 신화리 산39-3,2024-04-24
45,35.27917,129.11472,262002290,45649,43219,대한민국 부산광역시 금정구 선동 560,2024-04-25
66,35.918066,129.006783,362003161,25038,25981,대한민국 경상북도 영천시 북안면 임포리 385-5,2024-04-30
86,37.07361,127.13444,162005949,11631,11599,대한민국 경기도 안성시 원곡면 산하리 319-1,2024-04-26
85,36.31666,127.5576,462004853,13406,15396,대한민국 충청북도 옥천군 옥천읍 옥각리 산63-2,2024-04-27
82,36.13882,128.06343,262004287,20661,20527,대한민국 경상북도 김천시 봉산면 신리 325-4,2024-04-26
58,35.856642,129.079858,362003058,31377,31195,대한민국 경상북도 경주시 건천읍 신평리 1136-10,2024-04-27
68,35.724461,129.194676,362002843,24705,24723,대한민국 경상북도 경주시 내남면 월산리 1097-3,2024-04-30
79,36.15056,128.03339,262004318,22435,22535,대한민국 경상북도 김천시 봉산면 태화리 155-4,2024-04-24
78,36.27095,127.831,262004582,25720,25745,대한민국 충청북도 영동군 용산면 구촌리 13-1,2024-04-29
31,37.01353,127.14477,462005881,67981,66748,대한민국 경기도 안성시 원곡면 경부고속도로 365,2024-04-24
90,36.85541,127.18106,162005692,7750,7780,대한민국 충청남도 천안시 서북구 성거읍 요방리 117-3,2024-04-28
2,37.27944,127.10353,162006192,137508,131151,대한민국 경기도 용인시 기흥구 신갈동 384-10,2024-04-25
80,36.13882,128.06343,262004287,24390,24309,대한민국 경상북도 김천시 봉산면 신리 325-4,2024-04-29
88,37.33278,127.10361,462006250,8575,8427,대한민국 경기도 용인시 수지구 죽전동 866-14,2024-04-29
23,36.74568,127.22726,162005536,87594,87034,대한민국 충청남도 천안시 동남구 성남면 신사리 산88-15,2024-04-28
70,36.281111,127.755556,462004623,24480,24485,대한민국 충청북도 옥천군 청성면 조천리 253,2024-04-30
65,36.48658,127.42949,162005134,36802,36754,대한민국 충청북도 청주시 서원구 현도면 선동리 284-13,2024-04-29
69,36.30847,127.57572,162004836,24657,24692,대한민국 충청북도 옥천군 옥천읍 문정리 263-1,2024-04-30
66,36.15672,128.19537,262004150,26548,27090,대한민국 경상북도 김천시 아포읍 대신리 885-45,2024-04-24
71,36.281111,127.755556,462004623,31158,31211,대한민국 충청북도 옥천군 청성면 조천리 253,2024-04-28
56,35.28722,129.10333,262002305,35498,39193,대한민국 부산광역시 금정구 노포동 1112-8,2024-04-24
55,35.856642,129.079858,362003058,39903,39322,대한민국 경상북도 경주시 건천읍 신평리 1136-10,2024-04-28
72,36.29508,127.6018,262004808,30968,30974,대한민국 충청북도 옥천군 옥천읍 구일리 817-11,2024-04-28
14,37.12663,127.09778,162006045,100177,95668,대한민국 경기도 평택시 진위면 동천리 596-3,2024-04-29
15,36.80417,127.165,162005633,91259,91136,대한민국 충청남도 천안시 동남구 원성동 81-2,2024-04-24
34,36.64024,127.37826,162005324,62448,62264,대한민국 충청북도 청주시 흥덕구 강내면 학천리 511-4,2024-04-25
61,35.613003,129.145706,362002711,36155,36137,대한민국 울산광역시 울주군 두서면 구량리 282-1,2024-04-28
7,36.84408,127.17605,162005679,120679,121481,대한민국 충청남도 천안시 서북구 성거읍 요방리 219-7,2024-04-24
37,36.39055,127.42292,162005018,62962,63400,대한민국 대전광역시 대덕구 연축동 278,2024-04-27
35,36.42571,127.41682,162005060,63520,64595,대한민국 대전광역시 대덕구 상서동 359-19,2024-04-27
23,36.55249,127.43174,162005208,75130,85630,대한민국 충청북도 청주시 서원구 남이면 외천리 187-6,2024-04-24
53,36.35164,127.50214,162004920,36830,37139,대한민국 대전광역시 동구 신상동 171-1,2024-04-23
55,36.35164,127.50214,162004920,38008,38017,대한민국 대전광역시 동구 신상동 171-1,2024-04-24
19,36.72039,127.33097,162005435,79589,79677,대한민국 충청북도 청주시 흥덕구 옥산면 사정리 산22-1,2024-04-27
51,35.3725,129.05333,262002432,38453,37096,대한민국 경상남도 양산시 산막동 354,2024-04-30
15,36.80417,127.165,162005633,89797,87798,대한민국 충청남도 천안시 동남구 원성동 81-2,2024-04-25
73,36.29508,127.6018,262004808,28619,28763,대한민국 충청북도 옥천군 옥천읍 구일리 817-11,2024-04-29
20,35.91571,128.65202,262003528,87350,88446,대한민국 대구광역시 동구 도동 231,2024-04-29
